,accuracy,precision,recall,f1 score
Neural Network,0.8523592352867126,0.8368055820465088,0.8281787037849426,0.8324697754749568
